highway,V1,perc
primary,96950,0.308431849127674
tertiary,45101,0.143482050825242
secondary,128350,0.408326228319102
trunk,24288,0.0772686204395353
motorway,19643,0.0624912512884466
